<?xml version="1.0" encoding="UTF-8"?>
<pack:associatedspecifications xmlns:pack="urn:pack">
	<pack:associatedspecification name="Distribution Envelope" ref="DistributionEnvelope/index.html">
		<pack:description>
			The Distribution Envelope Specification defines the constraints to be applied to the distribution envelope when used with ITK content.
		</pack:description>
	</pack:associatedspecification>
	<pack:associatedspecification name="Distribution Envelope Constraints" ref="Distribution_Envelope_Constraints_for_PDS_Mini_Services_v1.0.pdf">
		<pack:description>
			This document provides applicable constraints for Distribution Envelope for carrying PDS Mini Services message contents.
		</pack:description>
	</pack:associatedspecification>	
	<!--<pack:associatedspecification name="Architecture Documents" ref="ITK-SMSP/index.html">
		<pack:description>
			These architecture specifications define the requirements for an ITK compliant system for PDS mini services implementation.
		</pack:description>
	</pack:associatedspecification>	-->
</pack:associatedspecifications>