<?xml version="1.0" encoding="UTF-8"?>
<getNHSNumberResponse-v1-0 xmlns="urn:hl7-org:v3" xmlns:xsi="http://www.w3.org/2001/XMLSchema-instance" xsi:schemaLocation="urn:hl7-org:v3 ../../Schemas/COMT_MT000014GB01.xsd" moodCode="EVN" classCode="OBS">
	<id root="4E25ACE2-23F8-4A37-B446-6A37F31BF77B"/>
	<code codeSystem="2.16.840.1.113883.2.1.3.2.4.17.284" code="getNHSNumberResponse-v1-0"/>
	<value codeSystem="2.16.840.1.113883.2.1.3.2.4.17.285" code="SMSP-0000"/>
	<subject typeCode="SBJ">
		<patient classCode="PAT">
			<id root="2.16.840.1.113883.2.1.4.1" extension="9999345201"></id>
		</patient>
	</subject>
</getNHSNumberResponse-v1-0>
