<?xml version="1.0" encoding="UTF-8"?>
<getPatientDetailsBySearchRequest-v1-0 xmlns="urn:hl7-org:v3" xmlns:xsi="http://www.w3.org/2001/XMLSchema-instance" xsi:schemaLocation="urn:hl7-org:v3 ../../Schemas/QUPA_MT000004GB01.xsd" moodCode="EVN" classCode="CACT">
	<id root="16C2662F-1C6E-4F38-9B3F-5084F67CE3F2"/>
	<code codeSystem="2.16.840.1.113883.2.1.3.2.4.17.284" code="getPatientDetailsBySearchRequest-v1-0"/>
	<queryEvent>
		<Person.DateOfBirth>
			<value value="19890101"/>
			<semanticsText>Person.DateOfBirth</semanticsText>
		</Person.DateOfBirth>
		<Person.Gender>
			<value code="1" codeSystem="2.16.840.1.113883.2.1.3.2.4.16.25"/>
			<semanticsText>Person.Gender</semanticsText>
		</Person.Gender>
		<Person.Name>
			<value>
				<given>John</given>
				<family>Smith</family>
			</value>
			<semanticsText>Person.Name</semanticsText>
		</Person.Name>
	</queryEvent>
</getPatientDetailsBySearchRequest-v1-0>
