<?xml version="1.0" encoding="UTF-8"?>
<verifyNHSNumberRequest-v1-0 xmlns="urn:hl7-org:v3" xmlns:xsi="http://www.w3.org/2001/XMLSchema-instance" xsi:schemaLocation="urn:hl7-org:v3 ../../Schemas/QUPA_MT000001GB01.xsd" moodCode="EVN" classCode="CACT">
	<id root="16C2662F-1C6E-4F38-9B3F-5084F46CE3E1"/>
	<code codeSystem="2.16.840.1.113883.2.1.3.2.4.17.284" code="verifyNHSNumberRequest-v1-0"/>
	<queryEvent>
		<Person.DateOfBirth>
			<value value="19890101"/>
			<semanticsText>Person.DateOfBirth</semanticsText>
		</Person.DateOfBirth>
		<Person.NHSNumber>
			<value root="2.16.840.1.113883.2.1.4.1" extension="9999345201"/>
			<semanticsText>Person.NHSNumber</semanticsText>
		</Person.NHSNumber>
	</queryEvent>
</verifyNHSNumberRequest-v1-0>
